{
  "cv_scores": [
    0.028778,
    0.028751,
    0.028208,
    0.029501,
    0.028716
  ],
  "overall_rmse": 0.028794,
  "global_mean": 0.093942
}